|||Sütunlar|
Satırlar|||Tüketici Madde Fiyatları (2003=100)|
|||İzmir-TR31|
||||
2005|01-Ocak|0441001. (Su Faturası)|2.1807|
||0451001. (Elektrik Ücreti)|0.16|
||0452101. (Doğal Gaz)|0.0|
||0830009. (İnternet Ücreti)|13.6864|
|02-Şubat|0441001. (Su Faturası)|2.1807|
||0451001. (Elektrik Ücreti)|0.16|
||0452101. (Doğal Gaz)|0.0|
||0830009. (İnternet Ücreti)|13.6917|
|03-Mart|0441001. (Su Faturası)|2.1807|
||0451001. (Elektrik Ücreti)|0.16|
||0452101. (Doğal Gaz)|0.0|
||0830009. (İnternet Ücreti)|13.6917|
|04-Nisan|0441001. (Su Faturası)|2.0857|
||0451001. (Elektrik Ücreti)|0.16|
||0452101. (Doğal Gaz)|0.0|
||0830009. (İnternet Ücreti)|13.9496|
|05-Mayıs|0441001. (Su Faturası)|2.0857|
||0451001. (Elektrik Ücreti)|0.16|
||0452101. (Doğal Gaz)|0.0|
||0830009. (İnternet Ücreti)|14.2074|
|06-Haziran|0441001. (Su Faturası)|2.0857|
||0451001. (Elektrik Ücreti)|0.16|
||0452101. (Doğal Gaz)|0.0|
||0830009. (İnternet Ücreti)|14.7099|
|07-Temmuz|0441001. (Su Faturası)|2.0857|
||0451001. (Elektrik Ücreti)|0.16|
||0452101. (Doğal Gaz)|0.0|
||0830009. (İnternet Ücreti)|14.3048|
|08-Ağustos|0441001. (Su Faturası)|2.0857|
||0451001. (Elektrik Ücreti)|0.16|
||0452101. (Doğal Gaz)|0.0|
||0830009. (İnternet Ücreti)|14.2357|
|09-Eylül|0441001. (Su Faturası)|2.1442|
||0451001. (Elektrik Ücreti)|0.16|
||0452101. (Doğal Gaz)|0.0|
||0830009. (İnternet Ücreti)|13.5793|
|10-Ekim|0441001. (Su Faturası)|2.1447|
||0451001. (Elektrik Ücreti)|0.16|
||0452101. (Doğal Gaz)|0.0|
||0830009. (İnternet Ücreti)|13.0636|
|11-Kasım|0441001. (Su Faturası)|2.1447|
||0451001. (Elektrik Ücreti)|0.16|
||0452101. (Doğal Gaz)|0.0|
||0830009. (İnternet Ücreti)|13.0636|
|12-Aralık|0441001. (Su Faturası)|2.1447|
||0451001. (Elektrik Ücreti)|0.16|
||0452101. (Doğal Gaz)|0.0|
||0830009. (İnternet Ücreti)|11.3426|
2006|01-Ocak|0441001. (Su Faturası)|1.76|
||0451001. (Elektrik Ücreti)|0.16|
||0452101. (Doğal Gaz)|0.0|
||0830009. (İnternet Ücreti)|76.43|
|02-Şubat|0441001. (Su Faturası)|1.8649|
||0451001. (Elektrik Ücreti)|0.16|
||0452101. (Doğal Gaz)|0.0|
||0830009. (İnternet Ücreti)|76.4334|
|03-Mart|0441001. (Su Faturası)|1.8649|
||0451001. (Elektrik Ücreti)|0.16|
||0452101. (Doğal Gaz)|0.0|
||0830009. (İnternet Ücreti)|77.4654|
|04-Nisan|0441001. (Su Faturası)|1.8649|
||0451001. (Elektrik Ücreti)|0.16|
||0452101. (Doğal Gaz)|0.0|
||0830009. (İnternet Ücreti)|77.4654|
|05-Mayıs|0441001. (Su Faturası)|1.8649|
||0451001. (Elektrik Ücreti)|0.16|
||0452101. (Doğal Gaz)|0.0|
||0830009. (İnternet Ücreti)|77.4654|
|06-Haziran|0441001. (Su Faturası)|1.8649|
||0451001. (Elektrik Ücreti)|0.16|
||0452101. (Doğal Gaz)|0.0|
||0830009. (İnternet Ücreti)|78.2324|
|07-Temmuz|0441001. (Su Faturası)|1.8649|
||0451001. (Elektrik Ücreti)|0.16|
||0452101. (Doğal Gaz)|0.0|
||0830009. (İnternet Ücreti)|78.2324|
|08-Ağustos|0441001. (Su Faturası)|1.8649|
||0451001. (Elektrik Ücreti)|0.16|
||0452101. (Doğal Gaz)|0.0|
||0830009. (İnternet Ücreti)|78.2324|
|09-Eylül|0441001. (Su Faturası)|1.8649|
||0451001. (Elektrik Ücreti)|0.16|
||0452101. (Doğal Gaz)|0.0|
||0830009. (İnternet Ücreti)|70.7688|
|10-Ekim|0441001. (Su Faturası)|1.8649|
||0451001. (Elektrik Ücreti)|0.16|
||0452101. (Doğal Gaz)|0.0|
||0830009. (İnternet Ücreti)|70.7688|
|11-Kasım|0441001. (Su Faturası)|1.8649|
||0451001. (Elektrik Ücreti)|0.16|
||0452101. (Doğal Gaz)|0.0|
||0830009. (İnternet Ücreti)|70.7688|
|12-Aralık|0441001. (Su Faturası)|1.8649|
||0451001. (Elektrik Ücreti)|0.16|
||0452101. (Doğal Gaz)|0.0|
||0830009. (İnternet Ücreti)|70.7688|
2007|01-Ocak|0441001. (Su Faturası)|1.8649|
||0451001. (Elektrik Ücreti)|0.16|
||0452101. (Doğal Gaz)|0.0|
||0830009. (İnternet Ücreti)|78.1663|
|02-Şubat|0441001. (Su Faturası)|1.8649|
||0451001. (Elektrik Ücreti)|0.16|
||0452101. (Doğal Gaz)|0.0|
||0830009. (İnternet Ücreti)|78.1663|
|03-Mart|0441001. (Su Faturası)|1.8649|
||0451001. (Elektrik Ücreti)|0.16|
||0452101. (Doğal Gaz)|0.0|
||0830009. (İnternet Ücreti)|78.1663|
|04-Nisan|0441001. (Su Faturası)|1.8649|
||0451001. (Elektrik Ücreti)|0.16|
||0452101. (Doğal Gaz)|0.0|
||0830009. (İnternet Ücreti)|69.529|
|05-Mayıs|0441001. (Su Faturası)|1.9176|
||0451001. (Elektrik Ücreti)|0.16|
||0452101. (Doğal Gaz)|0.0|
||0830009. (İnternet Ücreti)|69.529|
|06-Haziran|0441001. (Su Faturası)|1.9176|
||0451001. (Elektrik Ücreti)|0.16|
||0452101. (Doğal Gaz)|0.0|
||0830009. (İnternet Ücreti)|69.529|
|07-Temmuz|0441001. (Su Faturası)|1.9176|
||0451001. (Elektrik Ücreti)|0.16|
||0452101. (Doğal Gaz)|0.0|
||0830009. (İnternet Ücreti)|69.529|
|08-Ağustos|0441001. (Su Faturası)|1.9176|
||0451001. (Elektrik Ücreti)|0.16|
||0452101. (Doğal Gaz)|0.0|
||0830009. (İnternet Ücreti)|60.8918|
|09-Eylül|0441001. (Su Faturası)|1.9176|
||0451001. (Elektrik Ücreti)|0.16|
||0452101. (Doğal Gaz)|0.0|
||0830009. (İnternet Ücreti)|60.8918|
|10-Ekim|0441001. (Su Faturası)|1.9176|
||0451001. (Elektrik Ücreti)|0.16|
||0452101. (Doğal Gaz)|0.0|
||0830009. (İnternet Ücreti)|60.8918|
|11-Kasım|0441001. (Su Faturası)|1.9176|
||0451001. (Elektrik Ücreti)|0.16|
||0452101. (Doğal Gaz)|0.0|
||0830009. (İnternet Ücreti)|60.8918|
|12-Aralık|0441001. (Su Faturası)|1.9176|
||0451001. (Elektrik Ücreti)|0.16|
||0452101. (Doğal Gaz)|0.0|
||0830009. (İnternet Ücreti)|60.8918|
2008|01-Ocak|0441001. (Su Faturası)|1.852|
||0451001. (Elektrik Ücreti)|0.19|
||0452101. (Doğal Gaz)|0.0|
||0830009. (İnternet Ücreti)|60.6188|
|02-Şubat|0441001. (Su Faturası)|1.852|
||0451001. (Elektrik Ücreti)|0.19|
||0452101. (Doğal Gaz)|0.0|
||0830009. (İnternet Ücreti)|60.6188|
|03-Mart|0441001. (Su Faturası)|1.852|
||0451001. (Elektrik Ücreti)|0.19|
||0452101. (Doğal Gaz)|0.0|
||0830009. (İnternet Ücreti)|60.6188|
|04-Nisan|0441001. (Su Faturası)|1.852|
||0451001. (Elektrik Ücreti)|0.19|
||0452101. (Doğal Gaz)|0.0|
||0830009. (İnternet Ücreti)|60.6188|
|05-Mayıs|0441001. (Su Faturası)|1.852|
||0451001. (Elektrik Ücreti)|0.19|
||0452101. (Doğal Gaz)|0.0|
||0830009. (İnternet Ücreti)|60.6188|
|06-Haziran|0441001. (Su Faturası)|1.852|
||0451001. (Elektrik Ücreti)|0.19|
||0452101. (Doğal Gaz)|0.0|
||0830009. (İnternet Ücreti)|60.6188|
|07-Temmuz|0441001. (Su Faturası)|1.852|
||0451001. (Elektrik Ücreti)|0.2287|
||0452101. (Doğal Gaz)|0.0|
||0830009. (İnternet Ücreti)|60.6188|
|08-Ağustos|0441001. (Su Faturası)|2.0809|
||0451001. (Elektrik Ücreti)|0.2261|
||0452101. (Doğal Gaz)|0.0|
||0830009. (İnternet Ücreti)|60.6188|
|09-Eylül|0441001. (Su Faturası)|0.6992|
||0451001. (Elektrik Ücreti)|0.2261|
||0452101. (Doğal Gaz)|0.0|
||0830009. (İnternet Ücreti)|60.6188|
|10-Ekim|0441001. (Su Faturası)|0.6992|
||0451001. (Elektrik Ücreti)|0.2469|
||0452101. (Doğal Gaz)|0.0|
||0830009. (İnternet Ücreti)|60.6188|
|11-Kasım|0441001. (Su Faturası)|0.6992|
||0451001. (Elektrik Ücreti)|0.2469|
||0452101. (Doğal Gaz)|0.0|
||0830009. (İnternet Ücreti)|60.6188|
|12-Aralık|0441001. (Su Faturası)|0.6992|
||0451001. (Elektrik Ücreti)|0.2469|
||0452101. (Doğal Gaz)|0.0|
||0830009. (İnternet Ücreti)|60.6188|
2009|01-Ocak|0441001. (Su Faturası)|2.0809|
||0451001. (Elektrik Ücreti)|0.2493|
||0452101. (Doğal Gaz)|0.9886|
||0830009. (İnternet Ücreti)|33.2507|
|02-Şubat|0441001. (Su Faturası)|2.0809|
||0451001. (Elektrik Ücreti)|0.2493|
||0452101. (Doğal Gaz)|0.8255|
||0830009. (İnternet Ücreti)|33.2507|
|03-Mart|0441001. (Su Faturası)|2.0809|
||0451001. (Elektrik Ücreti)|0.2493|
||0452101. (Doğal Gaz)|0.8257|
||0830009. (İnternet Ücreti)|30.7425|
|04-Nisan|0441001. (Su Faturası)|2.0809|
||0451001. (Elektrik Ücreti)|0.2453|
||0452101. (Doğal Gaz)|0.8258|
||0830009. (İnternet Ücreti)|30.7425|
|05-Mayıs|0441001. (Su Faturası)|2.0809|
||0451001. (Elektrik Ücreti)|0.2453|
||0452101. (Doğal Gaz)|0.6266|
||0830009. (İnternet Ücreti)|30.7425|
|06-Haziran|0441001. (Su Faturası)|2.4283|
||0451001. (Elektrik Ücreti)|0.2453|
||0452101. (Doğal Gaz)|0.6266|
||0830009. (İnternet Ücreti)|30.7425|
|07-Temmuz|0441001. (Su Faturası)|2.4283|
||0451001. (Elektrik Ücreti)|0.2453|
||0452101. (Doğal Gaz)|0.6265|
||0830009. (İnternet Ücreti)|30.7425|
|08-Ağustos|0441001. (Su Faturası)|2.4283|
||0451001. (Elektrik Ücreti)|0.2453|
||0452101. (Doğal Gaz)|0.6265|
||0830009. (İnternet Ücreti)|30.7425|
|09-Eylül|0441001. (Su Faturası)|2.4283|
||0451001. (Elektrik Ücreti)|0.2453|
||0452101. (Doğal Gaz)|0.6264|
||0830009. (İnternet Ücreti)|30.7425|
|10-Ekim|0441001. (Su Faturası)|2.4283|
||0451001. (Elektrik Ücreti)|0.2693|
||0452101. (Doğal Gaz)|0.6264|
||0830009. (İnternet Ücreti)|30.7425|
|11-Kasım|0441001. (Su Faturası)|2.4283|
||0451001. (Elektrik Ücreti)|0.2693|
||0452101. (Doğal Gaz)|0.6264|
||0830009. (İnternet Ücreti)|30.7425|
|12-Aralık|0441001. (Su Faturası)|2.4283|
||0451001. (Elektrik Ücreti)|0.2693|
||0452101. (Doğal Gaz)|0.6264|
||0830009. (İnternet Ücreti)|30.7425|
2010|01-Ocak|0441001. (Su Faturası)|2.4698|
||0451001. (Elektrik Ücreti)|0.2724|
||0452101. (Doğal Gaz)|0.6002|
||0830009. (İnternet Ücreti)|58.1783|
|02-Şubat|0441001. (Su Faturası)|2.4698|
||0451001. (Elektrik Ücreti)|0.2724|
||0452101. (Doğal Gaz)|0.6002|
||0830009. (İnternet Ücreti)|58.1783|
|03-Mart|0441001. (Su Faturası)|2.4698|
||0451001. (Elektrik Ücreti)|0.2724|
||0452101. (Doğal Gaz)|0.6002|
||0830009. (İnternet Ücreti)|58.1783|
|04-Nisan|0441001. (Su Faturası)|2.4698|
||0451001. (Elektrik Ücreti)|0.2724|
||0452101. (Doğal Gaz)|0.6003|
||0830009. (İnternet Ücreti)|58.1783|
|05-Mayıs|0441001. (Su Faturası)|2.7739|
||0451001. (Elektrik Ücreti)|0.2724|
||0452101. (Doğal Gaz)|0.6003|
||0830009. (İnternet Ücreti)|58.1783|
|06-Haziran|0441001. (Su Faturası)|2.9346|
||0451001. (Elektrik Ücreti)|0.2724|
||0452101. (Doğal Gaz)|0.6003|
||0830009. (İnternet Ücreti)|58.1783|
|07-Temmuz|0441001. (Su Faturası)|2.9346|
||0451001. (Elektrik Ücreti)|0.2724|
||0452101. (Doğal Gaz)|0.6003|
||0830009. (İnternet Ücreti)|58.1783|
|08-Ağustos|0441001. (Su Faturası)|2.9346|
||0451001. (Elektrik Ücreti)|0.2724|
||0452101. (Doğal Gaz)|0.6003|
||0830009. (İnternet Ücreti)|58.1783|
|09-Eylül|0441001. (Su Faturası)|2.9346|
||0451001. (Elektrik Ücreti)|0.2724|
||0452101. (Doğal Gaz)|0.6003|
||0830009. (İnternet Ücreti)|58.1783|
|10-Ekim|0441001. (Su Faturası)|2.9346|
||0451001. (Elektrik Ücreti)|0.2724|
||0452101. (Doğal Gaz)|0.6003|
||0830009. (İnternet Ücreti)|58.1783|
|11-Kasım|0441001. (Su Faturası)|2.9346|
||0451001. (Elektrik Ücreti)|0.2724|
||0452101. (Doğal Gaz)|0.6031|
||0830009. (İnternet Ücreti)|58.1783|
|12-Aralık|0441001. (Su Faturası)|3.1825|
||0451001. (Elektrik Ücreti)|0.2724|
||0452101. (Doğal Gaz)|0.6031|
||0830009. (İnternet Ücreti)|58.1783|
2011|01-Ocak|0441001. (Su Faturası)|3.4605|
||0451001. (Elektrik Ücreti)|0.2718|
||0452101. (Doğal Gaz)|0.6264|
||0830009. (İnternet Ücreti)|36.2553|
|02-Şubat|0441001. (Su Faturası)|3.4605|
||0451001. (Elektrik Ücreti)|0.2718|
||0452101. (Doğal Gaz)|0.6265|
||0830009. (İnternet Ücreti)|36.2553|
|03-Mart|0441001. (Su Faturası)|3.4605|
||0451001. (Elektrik Ücreti)|0.2718|
||0452101. (Doğal Gaz)|0.6266|
||0830009. (İnternet Ücreti)|36.2553|
|04-Nisan|0441001. (Su Faturası)|3.4605|
||0451001. (Elektrik Ücreti)|0.27|
||0452101. (Doğal Gaz)|0.6266|
||0830009. (İnternet Ücreti)|36.2553|
|05-Mayıs|0441001. (Su Faturası)|3.4605|
||0451001. (Elektrik Ücreti)|0.27|
||0452101. (Doğal Gaz)|0.6265|
||0830009. (İnternet Ücreti)|36.2553|
|06-Haziran|0441001. (Su Faturası)|3.4605|
||0451001. (Elektrik Ücreti)|0.27|
||0452101. (Doğal Gaz)|0.6265|
||0830009. (İnternet Ücreti)|36.2553|
|07-Temmuz|0441001. (Su Faturası)|3.4605|
||0451001. (Elektrik Ücreti)|0.2699|
||0452101. (Doğal Gaz)|0.6266|
||0830009. (İnternet Ücreti)|36.2553|
|08-Ağustos|0441001. (Su Faturası)|3.4605|
||0451001. (Elektrik Ücreti)|0.2699|
||0452101. (Doğal Gaz)|0.6266|
||0830009. (İnternet Ücreti)|36.2553|
|09-Eylül|0441001. (Su Faturası)|3.4605|
||0451001. (Elektrik Ücreti)|0.2699|
||0452101. (Doğal Gaz)|0.6267|
||0830009. (İnternet Ücreti)|36.2553|
|10-Ekim|0441001. (Su Faturası)|3.4605|
||0451001. (Elektrik Ücreti)|0.2958|
||0452101. (Doğal Gaz)|0.7164|
||0830009. (İnternet Ücreti)|36.2553|
|11-Kasım|0441001. (Su Faturası)|3.4605|
||0451001. (Elektrik Ücreti)|0.2958|
||0452101. (Doğal Gaz)|0.7165|
||0830009. (İnternet Ücreti)|36.2553|
|12-Aralık|0441001. (Su Faturası)|3.4605|
||0451001. (Elektrik Ücreti)|0.2958|
||0452101. (Doğal Gaz)|0.7164|
||0830009. (İnternet Ücreti)|36.2553|
2012|01-Ocak|0441001. (Su Faturası)|3.9622|
||0451001. (Elektrik Ücreti)|0.2976|
||0452101. (Doğal Gaz)|0.7165|
||0830009. (İnternet Ücreti)|50.9075|
|02-Şubat|0441001. (Su Faturası)|3.9622|
||0451001. (Elektrik Ücreti)|0.2976|
||0452101. (Doğal Gaz)|0.7166|
||0830009. (İnternet Ücreti)|50.9075|
|03-Mart|0441001. (Su Faturası)|3.9622|
||0451001. (Elektrik Ücreti)|0.2976|
||0452101. (Doğal Gaz)|0.7164|
||0830009. (İnternet Ücreti)|50.9075|
|04-Nisan|0441001. (Su Faturası)|3.9622|
||0451001. (Elektrik Ücreti)|0.3252|
||0452101. (Doğal Gaz)|0.8537|
||0830009. (İnternet Ücreti)|51.2278|
|05-Mayıs|0441001. (Su Faturası)|3.9622|
||0451001. (Elektrik Ücreti)|0.3252|
||0452101. (Doğal Gaz)|0.8538|
||0830009. (İnternet Ücreti)|51.2278|
|06-Haziran|0441001. (Su Faturası)|4.7732|
||0451001. (Elektrik Ücreti)|0.3252|
||0452101. (Doğal Gaz)|0.8537|
||0830009. (İnternet Ücreti)|51.2278|
|07-Temmuz|0441001. (Su Faturası)|3.1159|
||0451001. (Elektrik Ücreti)|0.3252|
||0452101. (Doğal Gaz)|0.8538|
||0830009. (İnternet Ücreti)|51.2278|
|08-Ağustos|0441001. (Su Faturası)|3.1159|
||0451001. (Elektrik Ücreti)|0.3252|
||0452101. (Doğal Gaz)|0.8538|
||0830009. (İnternet Ücreti)|51.2278|
|09-Eylül|0441001. (Su Faturası)|3.1159|
||0451001. (Elektrik Ücreti)|0.3252|
||0452101. (Doğal Gaz)|0.8538|
||0830009. (İnternet Ücreti)|51.2278|
|10-Ekim|0441001. (Su Faturası)|3.1159|
||0451001. (Elektrik Ücreti)|0.357|
||0452101. (Doğal Gaz)|0.9484|
||0830009. (İnternet Ücreti)|51.2278|
|11-Kasım|0441001. (Su Faturası)|3.1159|
||0451001. (Elektrik Ücreti)|0.357|
||0452101. (Doğal Gaz)|0.9484|
||0830009. (İnternet Ücreti)|51.2278|
|12-Aralık|0441001. (Su Faturası)|3.1159|
||0451001. (Elektrik Ücreti)|0.357|
||0452101. (Doğal Gaz)|0.9483|
||0830009. (İnternet Ücreti)|54.444|
2013|01-Ocak|0441001. (Su Faturası)|3.2951|
||0451001. (Elektrik Ücreti)|0.357|
||0452101. (Doğal Gaz)|0.9523|
||0830009. (İnternet Ücreti)|58.5834|
|02-Şubat|0441001. (Su Faturası)|3.2951|
||0451001. (Elektrik Ücreti)|0.357|
||0452101. (Doğal Gaz)|0.9523|
||0830009. (İnternet Ücreti)|58.5834|
|03-Mart|0441001. (Su Faturası)|3.2951|
||0451001. (Elektrik Ücreti)|0.357|
||0452101. (Doğal Gaz)|0.9483|
||0830009. (İnternet Ücreti)|58.5834|
|04-Nisan|0441001. (Su Faturası)|3.2951|
||0451001. (Elektrik Ücreti)|0.3587|
||0452101. (Doğal Gaz)|0.9484|
||0830009. (İnternet Ücreti)|58.5834|
|05-Mayıs|0441001. (Su Faturası)|3.2951|
||0451001. (Elektrik Ücreti)|0.3587|
||0452101. (Doğal Gaz)|0.9484|
||0830009. (İnternet Ücreti)|58.5834|
|06-Haziran|0441001. (Su Faturası)|3.4149|
||0451001. (Elektrik Ücreti)|0.3587|
||0452101. (Doğal Gaz)|0.9484|
||0830009. (İnternet Ücreti)|58.5834|
|07-Temmuz|0441001. (Su Faturası)|3.4149|
||0451001. (Elektrik Ücreti)|0.3585|
||0452101. (Doğal Gaz)|0.9484|
||0830009. (İnternet Ücreti)|58.5834|
|08-Ağustos|0441001. (Su Faturası)|3.4149|
||0451001. (Elektrik Ücreti)|0.3585|
||0452101. (Doğal Gaz)|0.9486|
||0830009. (İnternet Ücreti)|58.5834|
|09-Eylül|0441001. (Su Faturası)|3.4149|
||0451001. (Elektrik Ücreti)|0.3585|
||0452101. (Doğal Gaz)|0.9486|
||0830009. (İnternet Ücreti)|58.5834|
|10-Ekim|0441001. (Su Faturası)|3.4149|
||0451001. (Elektrik Ücreti)|0.3585|
||0452101. (Doğal Gaz)|0.9487|
||0830009. (İnternet Ücreti)|58.5834|
|11-Kasım|0441001. (Su Faturası)|3.4149|
||0451001. (Elektrik Ücreti)|0.3585|
||0452101. (Doğal Gaz)|0.9487|
||0830009. (İnternet Ücreti)|58.5834|
|12-Aralık|0441001. (Su Faturası)|3.4149|
||0451001. (Elektrik Ücreti)|0.3585|
||0452101. (Doğal Gaz)|0.9487|
||0830009. (İnternet Ücreti)|58.5834|
2014|01-Ocak|0441001. (Su Faturası)|3.4663|
||0451001. (Elektrik Ücreti)|0.3577|
||0452101. (Doğal Gaz)|0.9487|
||0830009. (İnternet Ücreti)|68.7486|
|02-Şubat|0441001. (Su Faturası)|3.4663|
||0451001. (Elektrik Ücreti)|0.3577|
||0452101. (Doğal Gaz)|0.9489|
||0830009. (İnternet Ücreti)|68.7486|
|03-Mart|0441001. (Su Faturası)|3.4663|
||0451001. (Elektrik Ücreti)|0.3577|
||0452101. (Doğal Gaz)|0.949|
||0830009. (İnternet Ücreti)|68.7486|
|04-Nisan|0441001. (Su Faturası)|3.4663|
||0451001. (Elektrik Ücreti)|0.3588|
||0452101. (Doğal Gaz)|0.949|
||0830009. (İnternet Ücreti)|68.7486|
|05-Mayıs|0441001. (Su Faturası)|3.6096|
||0451001. (Elektrik Ücreti)|0.3588|
||0452101. (Doğal Gaz)|0.9489|
||0830009. (İnternet Ücreti)|68.7486|
|06-Haziran|0441001. (Su Faturası)|3.6096|
||0451001. (Elektrik Ücreti)|0.3588|
||0452101. (Doğal Gaz)|0.9488|
||0830009. (İnternet Ücreti)|68.7486|
|07-Temmuz|0441001. (Su Faturası)|3.9444|
||0451001. (Elektrik Ücreti)|0.3589|
||0452101. (Doğal Gaz)|0.9488|
||0830009. (İnternet Ücreti)|68.7486|
|08-Ağustos|0441001. (Su Faturası)|3.9444|
||0451001. (Elektrik Ücreti)|0.3589|
||0452101. (Doğal Gaz)|0.9489|
||0830009. (İnternet Ücreti)|68.7486|
|09-Eylül|0441001. (Su Faturası)|3.9444|
||0451001. (Elektrik Ücreti)|0.3589|
||0452101. (Doğal Gaz)|0.9489|
||0830009. (İnternet Ücreti)|68.7486|
|10-Ekim|0441001. (Su Faturası)|3.9444|
||0451001. (Elektrik Ücreti)|0.3913|
||0452101. (Doğal Gaz)|1.1087|
||0830009. (İnternet Ücreti)|68.7486|
|11-Kasım|0441001. (Su Faturası)|3.9444|
||0451001. (Elektrik Ücreti)|0.3913|
||0452101. (Doğal Gaz)|1.1094|
||0830009. (İnternet Ücreti)|68.7486|
|12-Aralık|0441001. (Su Faturası)|3.9444|
||0451001. (Elektrik Ücreti)|0.3913|
||0452101. (Doğal Gaz)|1.1097|
||0830009. (İnternet Ücreti)|68.7486|
2015|01-Ocak|0441001. (Su Faturası)|3.9644|
||0451001. (Elektrik Ücreti)|0.3907|
||0452101. (Doğal Gaz)|1.1094|
||0830009. (İnternet Ücreti)|75.0485|
|02-Şubat|0441001. (Su Faturası)|3.9644|
||0451001. (Elektrik Ücreti)|0.3907|
||0452101. (Doğal Gaz)|1.1087|
||0830009. (İnternet Ücreti)|75.0485|
|03-Mart|0441001. (Su Faturası)|3.9644|
||0451001. (Elektrik Ücreti)|0.3907|
||0452101. (Doğal Gaz)|1.109|
||0830009. (İnternet Ücreti)|75.0485|
|04-Nisan|0441001. (Su Faturası)|3.9644|
||0451001. (Elektrik Ücreti)|0.3904|
||0452101. (Doğal Gaz)|1.11|
||0830009. (İnternet Ücreti)|75.0485|
|05-Mayıs|0441001. (Su Faturası)|3.9644|
||0451001. (Elektrik Ücreti)|0.3904|
||0452101. (Doğal Gaz)|1.1108|
||0830009. (İnternet Ücreti)|75.0485|
|06-Haziran|0441001. (Su Faturası)|3.9644|
||0451001. (Elektrik Ücreti)|0.3904|
||0452101. (Doğal Gaz)|1.112|
||0830009. (İnternet Ücreti)|75.0485|
|07-Temmuz|0441001. (Su Faturası)|3.9644|
||0451001. (Elektrik Ücreti)|0.3906|
||0452101. (Doğal Gaz)|1.1129|
||0830009. (İnternet Ücreti)|75.0485|
|08-Ağustos|0441001. (Su Faturası)|3.9644|
||0451001. (Elektrik Ücreti)|0.3906|
||0452101. (Doğal Gaz)|1.1131|
||0830009. (İnternet Ücreti)|75.0485|
|09-Eylül|0441001. (Su Faturası)|3.9644|
||0451001. (Elektrik Ücreti)|0.3906|
||0452101. (Doğal Gaz)|1.1129|
||0830009. (İnternet Ücreti)|75.0485|
|10-Ekim|0441001. (Su Faturası)|3.9644|
||0451001. (Elektrik Ücreti)|0.3903|
||0452101. (Doğal Gaz)|1.1137|
||0830009. (İnternet Ücreti)|75.4412|
|11-Kasım|0441001. (Su Faturası)|3.9644|
||0451001. (Elektrik Ücreti)|0.3903|
||0452101. (Doğal Gaz)|1.115|
||0830009. (İnternet Ücreti)|75.4412|
|12-Aralık|0441001. (Su Faturası)|3.9644|
||0451001. (Elektrik Ücreti)|0.3903|
||0452101. (Doğal Gaz)|1.1148|
||0830009. (İnternet Ücreti)|75.4412|
2016|01-Ocak|0441001. (Su Faturası)|4.1588|
||0451001. (Elektrik Ücreti)|0.4117|
||0452101. (Doğal Gaz)|1.1136|
||0830009. (İnternet Ücreti)|76.0468|
|02-Şubat|0441001. (Su Faturası)|4.1588|
||0451001. (Elektrik Ücreti)|0.4117|
||0452101. (Doğal Gaz)|1.1136|
||0830009. (İnternet Ücreti)|76.0468|
|03-Mart|0441001. (Su Faturası)|4.1588|
||0451001. (Elektrik Ücreti)|0.4117|
||0452101. (Doğal Gaz)|1.1289|
||0830009. (İnternet Ücreti)|76.0468|
|04-Nisan|0441001. (Su Faturası)|4.1588|
||0451001. (Elektrik Ücreti)|0.4123|
||0452101. (Doğal Gaz)|1.144|
||0830009. (İnternet Ücreti)|76.0468|
|05-Mayıs|0441001. (Su Faturası)|4.1588|
||0451001. (Elektrik Ücreti)|0.4123|
||0452101. (Doğal Gaz)|1.1442|
||0830009. (İnternet Ücreti)|76.0468|
|06-Haziran|0441001. (Su Faturası)|4.1588|
||0451001. (Elektrik Ücreti)|0.4123|
||0452101. (Doğal Gaz)|1.145|
||0830009. (İnternet Ücreti)|76.0468|
|07-Temmuz|0441001. (Su Faturası)|4.1588|
||0451001. (Elektrik Ücreti)|0.4124|
||0452101. (Doğal Gaz)|1.1468|
||0830009. (İnternet Ücreti)|81.7459|
|08-Ağustos|0441001. (Su Faturası)|4.1588|
||0451001. (Elektrik Ücreti)|0.4124|
||0452101. (Doğal Gaz)|1.1472|
||0830009. (İnternet Ücreti)|81.7459|
|09-Eylül|0441001. (Su Faturası)|4.1588|
||0451001. (Elektrik Ücreti)|0.4124|
||0452101. (Doğal Gaz)|1.1473|
||0830009. (İnternet Ücreti)|81.7459|
|10-Ekim|0441001. (Su Faturası)|4.1588|
||0451001. (Elektrik Ücreti)|0.4124|
||0452101. (Doğal Gaz)|1.0475|
||0830009. (İnternet Ücreti)|81.7459|
|11-Kasım|0441001. (Su Faturası)|4.1588|
||0451001. (Elektrik Ücreti)|0.4124|
||0452101. (Doğal Gaz)|1.0476|
||0830009. (İnternet Ücreti)|81.7459|
|12-Aralık|0441001. (Su Faturası)|4.1588|
||0451001. (Elektrik Ücreti)|0.4124|
||0452101. (Doğal Gaz)|1.0483|
||0830009. (İnternet Ücreti)|81.7459|
2017|01-Ocak|0441001. (Su Faturası)|4.5568|
||0451001. (Elektrik Ücreti)|0.4118|
||0452101. (Doğal Gaz)|1.0512|
||0830009. (İnternet Ücreti)|54.1051|
|02-Şubat|0441001. (Su Faturası)|4.5568|
||0451001. (Elektrik Ücreti)|0.4118|
||0452101. (Doğal Gaz)|1.0549|
||0830009. (İnternet Ücreti)|54.1051|
|03-Mart|0441001. (Su Faturası)|4.5568|
||0451001. (Elektrik Ücreti)|0.4118|
||0452101. (Doğal Gaz)|1.0599|
||0830009. (İnternet Ücreti)|54.1051|
|04-Nisan|0441001. (Su Faturası)|4.5568|
||0451001. (Elektrik Ücreti)|0.4118|
||0452101. (Doğal Gaz)|1.0616|
||0830009. (İnternet Ücreti)|54.1051|
|05-Mayıs|0441001. (Su Faturası)|4.5568|
||0451001. (Elektrik Ücreti)|0.4118|
||0452101. (Doğal Gaz)|1.063|
||0830009. (İnternet Ücreti)|54.1051|
|06-Haziran|0441001. (Su Faturası)|4.5568|
||0451001. (Elektrik Ücreti)|0.4118|
||0452101. (Doğal Gaz)|1.064|
||0830009. (İnternet Ücreti)|54.1051|
|07-Temmuz|0441001. (Su Faturası)|4.7728|
||0451001. (Elektrik Ücreti)|0.4118|
||0452101. (Doğal Gaz)|1.0647|
||0830009. (İnternet Ücreti)|54.1051|
|08-Ağustos|0441001. (Su Faturası)|4.7728|
||0451001. (Elektrik Ücreti)|0.4118|
||0452101. (Doğal Gaz)|1.0648|
||0830009. (İnternet Ücreti)|54.1051|
|09-Eylül|0441001. (Su Faturası)|4.7728|
||0451001. (Elektrik Ücreti)|0.4118|
||0452101. (Doğal Gaz)|1.0658|
||0830009. (İnternet Ücreti)|54.1051|
|10-Ekim|0441001. (Su Faturası)|4.7728|
||0451001. (Elektrik Ücreti)|0.412|
||0452101. (Doğal Gaz)|1.1601|
||0830009. (İnternet Ücreti)|54.1051|
|11-Kasım|0441001. (Su Faturası)|4.7728|
||0451001. (Elektrik Ücreti)|0.412|
||0452101. (Doğal Gaz)|1.1616|
||0830009. (İnternet Ücreti)|54.1051|
|12-Aralık|0441001. (Su Faturası)|4.7728|
||0451001. (Elektrik Ücreti)|0.412|
||0452101. (Doğal Gaz)|1.164|
||0830009. (İnternet Ücreti)|54.1051|
2018|01-Ocak|0441001. (Su Faturası)|5.2664|
||0451001. (Elektrik Ücreti)|0.4482|
||0452101. (Doğal Gaz)|1.17|
||0830009. (İnternet Ücreti)|47.8751|
|02-Şubat|0441001. (Su Faturası)|5.2664|
||0451001. (Elektrik Ücreti)|0.4482|
||0452101. (Doğal Gaz)|1.1717|
||0830009. (İnternet Ücreti)|47.8751|
|03-Mart|0441001. (Su Faturası)|5.2664|
||0451001. (Elektrik Ücreti)|0.4482|
||0452101. (Doğal Gaz)|1.1742|
||0830009. (İnternet Ücreti)|47.8751|
|04-Nisan|0441001. (Su Faturası)|5.2664|
||0451001. (Elektrik Ücreti)|0.4612|
||0452101. (Doğal Gaz)|1.176|
||0830009. (İnternet Ücreti)|47.8751|
|05-Mayıs|0441001. (Su Faturası)|5.2664|
||0451001. (Elektrik Ücreti)|0.4612|
||0452101. (Doğal Gaz)|1.1784|
||0830009. (İnternet Ücreti)|47.8751|
|06-Haziran|0441001. (Su Faturası)|5.2664|
||0451001. (Elektrik Ücreti)|0.4612|
||0452101. (Doğal Gaz)|1.1807|
||0830009. (İnternet Ücreti)|63.3241|
|07-Temmuz|0441001. (Su Faturası)|5.2664|
||0451001. (Elektrik Ücreti)|0.4612|
||0452101. (Doğal Gaz)|1.1873|
||0830009. (İnternet Ücreti)|65.2728|
|08-Ağustos|0441001. (Su Faturası)|5.5148|
||0451001. (Elektrik Ücreti)|0.5027|
||0452101. (Doğal Gaz)|1.2751|
||0830009. (İnternet Ücreti)|65.2728|
|09-Eylül|0441001. (Su Faturası)|5.5148|
||0451001. (Elektrik Ücreti)|0.5479|
||0452101. (Doğal Gaz)|1.365|
||0830009. (İnternet Ücreti)|65.2728|
|10-Ekim|0441001. (Su Faturası)|5.5148|
||0451001. (Elektrik Ücreti)|0.5972|
||0452101. (Doğal Gaz)|1.4675|
||0830009. (İnternet Ücreti)|65.2728|
|11-Kasım|0441001. (Su Faturası)|5.5148|
||0451001. (Elektrik Ücreti)|0.5972|
||0452101. (Doğal Gaz)|1.4847|
||0830009. (İnternet Ücreti)|55.3841|
|12-Aralık|0441001. (Su Faturası)|5.5148|
||0451001. (Elektrik Ücreti)|0.5972|
||0452101. (Doğal Gaz)|1.4925|
||0830009. (İnternet Ücreti)|55.3841|
2019|01-Ocak|0441001. (Su Faturası)|5.5848|
||0451001. (Elektrik Ücreti)|0.5375|
||0452101. (Doğal Gaz)|1.3715|
||0830009. (İnternet Ücreti)|55.0434|
|02-Şubat|0441001. (Su Faturası)|5.5848|
||0451001. (Elektrik Ücreti)|0.5375|
||0452101. (Doğal Gaz)|1.3703|
||0830009. (İnternet Ücreti)|55.6648|
|03-Mart|0441001. (Su Faturası)|5.5848|
||0451001. (Elektrik Ücreti)|0.5375|
||0452101. (Doğal Gaz)|1.3734|
||0830009. (İnternet Ücreti)|55.9174|
|04-Nisan|0441001. (Su Faturası)|5.5848|
||0451001. (Elektrik Ücreti)|0.5375|
||0452101. (Doğal Gaz)|1.3739|
||0830009. (İnternet Ücreti)|55.7981|
|05-Mayıs|0441001. (Su Faturası)|5.5848|
||0451001. (Elektrik Ücreti)|0.5375|
||0452101. (Doğal Gaz)|1.3769|
||0830009. (İnternet Ücreti)|56.3973|
|06-Haziran|0441001. (Su Faturası)|5.5848|
||0451001. (Elektrik Ücreti)|0.5375|
||0452101. (Doğal Gaz)|1.3997|
||0830009. (İnternet Ücreti)|57.281|
|07-Temmuz|0441001. (Su Faturası)|5.0664|
||0451001. (Elektrik Ücreti)|0.6181|
||0452101. (Doğal Gaz)|1.4028|
||0830009. (İnternet Ücreti)|56.9151|
|08-Ağustos|0441001. (Su Faturası)|5.0664|
||0451001. (Elektrik Ücreti)|0.6181|
||0452101. (Doğal Gaz)|1.6039|
||0830009. (İnternet Ücreti)|57.3943|
|09-Eylül|0441001. (Su Faturası)|5.0664|
||0451001. (Elektrik Ücreti)|0.6181|
||0452101. (Doğal Gaz)|1.8341|
||0830009. (İnternet Ücreti)|57.8226|
|10-Ekim|0441001. (Su Faturası)|5.0664|
||0451001. (Elektrik Ücreti)|0.7102|
||0452101. (Doğal Gaz)|1.8369|
||0830009. (İnternet Ücreti)|58.4221|
|11-Kasım|0441001. (Su Faturası)|5.0664|
||0451001. (Elektrik Ücreti)|0.7102|
||0452101. (Doğal Gaz)|1.8402|
||0830009. (İnternet Ücreti)|58.844|
|12-Aralık|0441001. (Su Faturası)|5.0664|
||0451001. (Elektrik Ücreti)|0.7102|
||0452101. (Doğal Gaz)|1.8469|
||0830009. (İnternet Ücreti)|59.2039|
2020|01-Ocak|0441001. (Su Faturası)|5.8484|
||0451001. (Elektrik Ücreti)|0.7102|
||0452101. (Doğal Gaz)|1.8482|
||0830009. (İnternet Ücreti)|58.8981|
|02-Şubat|0441001. (Su Faturası)|5.8484|
||0451001. (Elektrik Ücreti)|0.7102|
||0452101. (Doğal Gaz)|1.8508|
||0830009. (İnternet Ücreti)|59.4834|
|03-Mart|0441001. (Su Faturası)|5.8484|
||0451001. (Elektrik Ücreti)|0.7102|
||0452101. (Doğal Gaz)|1.8554|
||0830009. (İnternet Ücreti)|59.7204|
|04-Nisan|0441001. (Su Faturası)|5.8484|
||0451001. (Elektrik Ücreti)|0.7102|
||0452101. (Doğal Gaz)|1.8567|
||0830009. (İnternet Ücreti)|60.3592|
|05-Mayıs|0441001. (Su Faturası)|5.8484|
||0451001. (Elektrik Ücreti)|0.7102|
||0452101. (Doğal Gaz)|1.8587|
||0830009. (İnternet Ücreti)|61.0592|
|06-Haziran|0441001. (Su Faturası)|5.8484|
||0451001. (Elektrik Ücreti)|0.7102|
||0452101. (Doğal Gaz)|1.8617|
||0830009. (İnternet Ücreti)|61.4687|
|07-Temmuz|0441001. (Su Faturası)|5.8484|
||0451001. (Elektrik Ücreti)|0.7102|
||0452101. (Doğal Gaz)|1.8832|
||0830009. (İnternet Ücreti)|61.8042|
|08-Ağustos|0441001. (Su Faturası)|5.8484|
||0451001. (Elektrik Ücreti)|0.7102|
||0452101. (Doğal Gaz)|1.8875|
||0830009. (İnternet Ücreti)|62.3433|
|09-Eylül|0441001. (Su Faturası)|6.4856|
||0451001. (Elektrik Ücreti)|0.7102|
||0452101. (Doğal Gaz)|1.8897|
||0830009. (İnternet Ücreti)|63.305|
|10-Ekim|0441001. (Su Faturası)|6.4856|
||0451001. (Elektrik Ücreti)|0.7511|
||0452101. (Doğal Gaz)|1.8913|
||0830009. (İnternet Ücreti)|64.5152|
|11-Kasım|0441001. (Su Faturası)|6.4856|
||0451001. (Elektrik Ücreti)|0.7511|
||0452101. (Doğal Gaz)|1.8949|
||0830009. (İnternet Ücreti)|65.0576|
|12-Aralık|0441001. (Su Faturası)|6.4856|
||0451001. (Elektrik Ücreti)|0.7511|
||0452101. (Doğal Gaz)|1.901|
||0830009. (İnternet Ücreti)|66.0217|
2021|01-Ocak|0441001. (Su Faturası)|7.4228|
||0451001. (Elektrik Ücreti)|0.7975|
||0452101. (Doğal Gaz)|1.9292|
||0830009. (İnternet Ücreti)|66.2986|
|02-Şubat|0441001. (Su Faturası)|7.4228|
||0451001. (Elektrik Ücreti)|0.7975|
||0452101. (Doğal Gaz)|1.9392|
||0830009. (İnternet Ücreti)|67.2231|
|03-Mart|0441001. (Su Faturası)|7.4228|
||0451001. (Elektrik Ücreti)|0.7975|
||0452101. (Doğal Gaz)|1.9713|
||0830009. (İnternet Ücreti)|67.8572|
|04-Nisan|0441001. (Su Faturası)|7.4228|
||0451001. (Elektrik Ücreti)|0.7975|
||0452101. (Doğal Gaz)|1.9903|
||0830009. (İnternet Ücreti)|68.5443|
|05-Mayıs|0441001. (Su Faturası)|7.4228|
||0451001. (Elektrik Ücreti)|0.7975|
||0452101. (Doğal Gaz)|2.0103|
||0830009. (İnternet Ücreti)|69.1365|
|06-Haziran|0441001. (Su Faturası)|7.4228|
||0451001. (Elektrik Ücreti)|0.7975|
||0452101. (Doğal Gaz)|2.0331|
||0830009. (İnternet Ücreti)|70.2197|
|07-Temmuz|0441001. (Su Faturası)|7.4228|
||0451001. (Elektrik Ücreti)|0.9172|
||0452101. (Doğal Gaz)|2.2251|
||0830009. (İnternet Ücreti)|71.385|
|08-Ağustos|0441001. (Su Faturası)|7.4228|
||0451001. (Elektrik Ücreti)|0.9172|
||0452101. (Doğal Gaz)|2.2337|
||0830009. (İnternet Ücreti)|71.7263|
|09-Eylül|0441001. (Su Faturası)|7.4228|
||0451001. (Elektrik Ücreti)|0.9172|
||0452101. (Doğal Gaz)|2.2418|
||0830009. (İnternet Ücreti)|73.1729|
|10-Ekim|0441001. (Su Faturası)|7.4228|
||0451001. (Elektrik Ücreti)|0.9172|
||0452101. (Doğal Gaz)|2.2469|
||0830009. (İnternet Ücreti)|73.7116|
|11-Kasım|0441001. (Su Faturası)|7.4228|
||0451001. (Elektrik Ücreti)|0.9172|
||0452101. (Doğal Gaz)|2.2527|
||0830009. (İnternet Ücreti)|74.596|
|12-Aralık|0441001. (Su Faturası)|7.4228|
||0451001. (Elektrik Ücreti)|0.9172|
||0452101. (Doğal Gaz)|2.2639|
||0830009. (İnternet Ücreti)|75.3537|
2022|01-Ocak|0441001. (Su Faturası)|8.8448|
||0451001. (Elektrik Ücreti)|1.5562|
||0452101. (Doğal Gaz)|2.7198|
||0830009. (İnternet Ücreti)|76.27|
|02-Şubat|0441001. (Su Faturası)|8.6666|
||0451001. (Elektrik Ücreti)|1.4809|
||0452101. (Doğal Gaz)|2.7874|
||0830009. (İnternet Ücreti)|77.5432|
|03-Mart|0441001. (Su Faturası)|10.8372|
||0451001. (Elektrik Ücreti)|1.3372|
||0452101. (Doğal Gaz)|2.8502|
||0830009. (İnternet Ücreti)|79.0905|
|04-Nisan|0441001. (Su Faturası)|11.57|
||0451001. (Elektrik Ücreti)|1.3372|
||0452101. (Doğal Gaz)|3.6486|
||0830009. (İnternet Ücreti)|81.5053|
||||
